<?xml version = "1.0" standalone = "yes"?>
<TimelineLine_Prefs STK_version = "11.6.0">
    <Views Type = "Content">
        <ContentView Name = "Scenario Availability">
            <Row ClassName = "Scenario" ComponentName = "AvailabilityIntervals" DisplayName = "stk_sc_v0 AvailabilityIntervals" IsDefaultName = "True" IsExpanded = "False" IsGroup = "False" IsHidden = "False" Path = "/Application/STK/Scenario/stk_sc_v0" Type = "IntervalList">
                <Interval Name = "stk_sc_v0 AvailabilityIntervals" StartTime = "22 Apr 2024 04:00:00.000" StopTime = "23 Apr 2024 04:00:00.000" />
            </Row>
        </ContentView>
    </Views>
    <Views Type = "Time">
        <TimeView FullViewRulerStartTime = "0.000000" FullViewRulerStopTime = "0.000000" GlobalIntervalComp = "AnalysisInterval" GlobalIntervalCompPath = "/Application/STK/Scenario/stk_sc_v0" GlobalStartOffset = "0.000000" GlobalStartTime = "22 Apr 2024 04:00:00.000" GlobalStopOffset = "0.000000" GlobalStopTime = "23 Apr 2024 04:00:00.000" MaxFullViewTime = "0.000000" MinFullViewTime = "0.000000" Name = "Scenario Analysis Period" ViewportStartTime = "0.000000" ViewportStopTime = "0.000000" />
    </Views>
</TimelineLine_Prefs>